{"cameraMode":{"drawMode":0,"name":"Shaded","section":"Shading Mode"},"sceneLighting":false,"audioPlay":false,"sceneViewState":{"showFog":true,"showMaterialUpdate":true,"showSkybox":false,"showFlares":true,"showImageEffects":true,"showParticleSystems":true},"in2DMode":false,"pivot":{"x":2.1903231143951418,"y":-0.5000635385513306,"z":2.652719497680664},"rotation":{"x":-0.16622696816921235,"y":0.8190370202064514,"z":-0.2932390570640564,"w":-0.46428343653678896},"size":3.4043784141540529,"orthographic":false}