{"cameraMode":{"drawMode":0,"name":"Shaded","section":"Shading Mode"},"sceneLighting":false,"audioPlay":false,"sceneViewState":{"showFog":true,"showMaterialUpdate":true,"showSkybox":false,"showFlares":true,"showImageEffects":true,"showParticleSystems":true},"in2DMode":false,"pivot":{"x":-0.7419958114624023,"y":7.421539306640625,"z":-4.891835689544678},"rotation":{"x":0.7099347114562988,"y":0.037124503403902057,"z":-0.03752598538994789,"w":0.7022923231124878},"size":10.201333999633789,"orthographic":false}