{"cameraMode":{"drawMode":0,"name":"Shaded","section":"Shading Mode"},"sceneLighting":true,"audioPlay":false,"sceneViewState":{"showFog":true,"showMaterialUpdate":true,"showSkybox":true,"showFlares":true,"showImageEffects":true,"showParticleSystems":true},"in2DMode":false,"pivot":{"x":4.710000038146973,"y":-4.159999847412109,"z":-3.4600000381469728},"rotation":{"x":0.22460895776748658,"y":0.04705604165792465,"z":-0.010856867767870427,"w":0.9732558131217957},"size":58.96142578125,"orthographic":false}